,0
0,籾岡
1,響子
2,麻耶
3,蜜柑
4,ラブラブトロ顔
5,アヤメ
6,お風呂
7,処女トロ顔
8,食蜂操
9,みたらしアンコ
10,COMIC1☆15
11,鈴音
12,RQ衣装
13,エティ
14,ボテ腹
15,桃華
16,キュアビューティ
17,ぶっかけ大集合
18,モンスター姦
19,爆乳
20,夕美
21,羞恥
22,リトル
23,ストーリー有
24,桃
25,お風呂（後半）アスカ
26,小麦
27,まつ
28,ヤンデレ怖い
29,ブラック★ゴールドソー
30,えろい
31,セーラーヴィーナス
32,サイネリア
33,搾乳
34,長編
35,バブみ
36,犬耳
37,うにゅ
38,ミヒロ
39,リオ
40,咲耶
41,サターン
42,イラスト
43,クイーンズブレイド
44,ルン
45,ウェイトレス
46,レ級
47,影狼
48,楓
49,八百万百
50,咲夜
51,授乳手コキ
52,ツンデレ
53,レナ
54,響音
55,バーバラ
56,角娘
57,つくも
58,タグ：神楽
59,訪子
60,琴歌
61,うさ耳
62,経験少
63,中出し連続
64,麻子
65,カヤ
66,魔理沙×アリス
67,バニー凌辱
68,コトネ
69,アイルー
70,シャオ
71,乳
72,青娥娘々
73,ハーン
74,シスターセイン
75,桐条
76,（後半）小鳥
77,ザザミ
78,足裏
79,酔っぱらい
80,レズ（後半）やよい
81,妄想
82,三角木馬
83,あい
84,りる
85,空母棲姫
86,正邪
87,ヴィヴィオ
88,光子
89,獣姦
90,おもちゃ
91,マミゾウ
92,勇者
93,2014年冬コミ(C87)
94,ハム子
95,エルフ
96,うさぎ耳
97,雪ミク
98,小鈴
99,りん
100,インテール
101,スアン
102,拓海
103,高坂桐乃×京介
104,セーラージュピター
105,水谷絵理
106,マコちゃん
107,産卵プレイ
108,レーベ
109,星奈
110,ラキ
111,八雲
112,アヘ顔ダブルピース
113,前立腺責め
114,展開怖い
115,妊娠
116,素股
117,くすぐり
118,エリア
119,小萌
120,ネブラ
121,浴衣
122,ぶかっけ
123,雷刃
124,アクロマ
125,2018年冬コミ(C95)
126,ティアーユ
127,ダブルフェラ
128,神裂
129,ひたぎ×アララギ
130,受付嬢
131,高音
132,愛野美奈子
133,エ
134,ポトフ
135,っ拘束
136,顔射
137,逆アナル
138,四季映姫
139,微エロだけどなんかすごいエロい（管理人視点）
140,桐間 紗路
141,リーゼット
142,セーラーマーキュリー
143,東方
144,ピエール
145,U-511改
146,智乃
147,媚薬・催眠・催眠
148,百江なぎさ
149,固法
150,沙織
151,志乃
152,キャシー
153,ほたる
154,美柑
155,ツインテール
156,早苗
157,紫
158,武闘家♀
159,男の娘
160,伊4
161,雪ノ下陽乃
162,真
163,濃姫
164,チャイナドレス
165,真鍋和
166,FGO新作フェア
167,幽々子
168,火焔猫
169,古明地こいし フラン
170,猫耳 ニーソ 巨乳 むちむち 淫乱 トロ顔 パイズリ バック ぶっかけ 中出し 好みが分かれる エロい
171,寅丸
172,シャーレイ
173,メンヘラ
174,ペッコ装備
175,幼馴染
176,ギャグボール
177,シャイン
178,水野亜美
179,アリス
180,菊池真
181,八橋
182,碇シンジ
183,セーラーマーズ
184,風俗？
185,杏子
186,おまけ
187,真夜
188,スター
189,ベラ
190,リカ
191,静葉
192,（後半）鹿目まどか
193,女ハンター
194,愛子
195,椛
196,雷鼓
197,結衣
198,里保
199,モンスター姦（ギギネブラ・ギィギ）
200,汗だく調教
201,保登心愛
202,榛原
203,ミサト
204,綿月依姫
205,淫乱（中盤）霊夢
206,斉藤菫
207,良俗
208,摩耶花
209,フルカラー
210,黒子
211,アイ
212,ひょっとこフェラ
213,ワンダ
214,ラトゥーニ
215,プレシア
216,ラブラブ
217,ばんそうこう
218,ウェディングドレス
219,があります
220,もみじ
221,ギルガメッシュ(女体化)
222,シンジ
223,るくは
224,マーキュリー
225,淫乱
226,柊柚子
227,女魔法使い
228,得が上手いエロい
229,ブラック・マジシャン・ガール
230,むちむちメガネ
231,おまけ本 巨乳 むちむち トロ顔 汗だく 尻穴 絵が上手い エロい
232,女主人公（リーフ）
233,イキまくり（後半）幽々子
234,メロン
235,クシャナ
236,ミカサ妹
237,園児服
238,触手
239,イキまくり
240,加奈子
241,腋コキ
242,美柑×リト
243,おまけ本 巨乳
244,妖精
245,ストーリ有
246,アリス×魔理沙
247,雪子
248,リン
249,伊164
250,怖い。
251,ナルト
252,翔鶴 巨乳
253,ネプチューン
254,ぬるぬる
255,祥子
256,アインハルト・ストラトス
257,イオナ（蒼き鋼のアルペジオ）
258,直斗
259,高島
260,失神
261,ぶっかっけ
262,木胡桃
263,ブルマ
264,足コキ
265,調教
266,未央
267,紙原
268,ボーン
269,エロ多/a>
270,ラブラブ 顔射
271,媚薬・催眠
272,丸呑み
273,コスプレ
274,トロ顔 淫乱
275,イラスト集
276,男の娘（的な扱い）
277,海老名姫菜
278,阿求
279,蘭
280,香風智乃
281,コロナ
282,カイト
283,桐間紗路
284,カテーテル
285,エミリー・スチュアート
286,きらり
287,マリベル
288,女性化
289,輪姦」乱交
290,、凌辱
291,MEIKO
292,サラミ
293,画集
294,星梨花
295,小梅
296,えが
297,撮影
298,和服・着物
299,離島棲鬼
300,コミカル
301,堕落（？）
302,山岸風花
303,ラクス
304,褐色
305,条河麻耶
306,チェレン
307,ティア
308,幻月
309,十代
310,ムラサ
311,千早
312,白狼天狗
313,Ｙシャツ
314,CC
315,王女
316,八百万
317,火野レイ
318,ぶっかけ、
319,キュウべえ
320,メイファン
321,シェリル
322,フェぶり
323,舞園
324,神はやて
325,むちｍつい
326,翼×アララギ
327,オナホ
328,メイド
329,和久井
330,愛紗
331,☆レア作☆
332,（後半）
333,アリア
334,BL
335,籾岡里紗
336,女武闘家
337,翠星石
338,ヒュウ
339,セティア
340,キョヌ湯
341,アリサ・バニングス
342,鮎川アユ
343,エロ
344,アインス
345,凜
346,千尋
347,おしっこ
348,える
349,高町ヴィヴィオ
350,痴女
351,ヴィーナス
352,女商人
353,ホミカ
354,美嘉
355,茨華仙
356,中出し
357,COMIC1☆10
358,フェラ
359,鹿目まどか×２
360,2018年夏コミ(C94)
361,女体盛り
362,博麗霊夢（コスプレ）
363,花穂
364,おしっっこ
365,乃梨子
366,キスショット
367,カズマ
368,蛍
369,淫乱痴女
370,百合子
371,瑞樹
372,村紗
373,箒×一夏
374,真宵（大）
375,脇
376,おしっこ口内射精
377,姫神
378,お燐
379,ヴァイオレット
380,文字多
381,五和
382,ブルー（ヒロイン）
383,砥信
384,パティ
385,ノーヴェ・ナカジマ
386,幽々子×妖夢
387,マヤ
388,画集（もある）
389,淫乱（後半）アスール
390,グラフ・ツェッペリン
391,乱馬
392,桐条美鶴
393,グラビモス（女体化）
394,４コマ
395,おパイズリ
396,男受け
397,ナージャ・アップルフィールド
398,シロナ 巨乳
399,黎子
400,千秋
401,滝壺理后
402,エロい
403,ボールギャグ
404,モンスター姦（アイルー）
405,くるみ
406,衣玖
407,フェイト・テスタロッサ（少女）
408,いんく
409,槇島沙織
410,あいこ
411,フルカラ
412,春香
413,菜々
414,母乳
415,イラマチオ
416,寸止め
417,深海大鳳
418,015年夏コミ(C88)
419,よだれ
420,ペローナ ニーソ
421,ニコ・ロビン 巨乳
422,鈴原サクラ
423,ルナティーク
424,じなこ
425,脅迫
426,秋月涼
427,アインハルト
428,フェイト・テスタロッサ・テスタロッサ
429,ビアンカ（幼少）
430,りせ
431,拘束
432,ちびムーン
433,残酷
434,月村すずか
435,伊401 スク水
436,ベリオ
437,玲
438,ショートセレナ
439,魅音
440,レイプ
441,行きまくり
442,蘭子
443,言葉責め
444,ウラヌス
445,古手
446,渚カヲル
447,さくら
448,得が上手い
449,痴漢
450,キリノ
451,幽々子（ロリ化）
452,アヘ顔（後半）早苗
453,kパイズリ
454,ピース
455,加工屋
456,佐天
457,ちびうさ
458,アゼンダ
459,聖星
460,乱交
461,茉莉
462,ブラックレディ
463,小毬
464,まりあ
465,トモエ
466,京介×真奈美
467,あ汗だく
468,デッドマスター
469,王
470,吹寄制理
471,ひな子
472,遠坂凛
473,秋山律子
474,リッカ
475,翼（キャット）
476,藤村大河
477,飛行棲姫
478,ナミ 水着
479,一橋ゆりえ
480,あずさ
481,コルニ
482,立花
483,パルスィ
484,ロクサーヌ
485,エロ多ｓ
486,フ?リンツ
487,みく
488,サーニャ
489,二ツ岩マミゾウ
490,雛子
491,メルラン
492,幼女
493,すわこ
494,なのは×ユーノ
495,カリーナ
496,禍霊夢
497,ルカ
498,星光
499,奏
500,天元突破グレンラガン
501,蒼樹
502,バゼット・フラガ・マクレミッツ
503,狼と香辛料
504,こより
505,悠（少女）
506,シズネ
507,エロい中出し
508,白坂小梅巨乳
509,緊縛
510,ブリジット
511,おもちゃ絵が上手い
512,美鶴
513,幽香
514,ともよ
515,忍（大きい）
516,中出し パイズリ
517,長野
518,渋谷
519,真琴
520,テティ
521,虎
522,こなた
523,尻穴絵が上手い
524,触蜂
525,準鷹
526,千昭
527,諏訪湖
528,女性向
529,天城雪子
530,ブリジット・エヴァンス
531,ナターシャ
532,フッケバイン
533,出産
534,固法美偉
535,タカオ（蒼き鋼のアルペジオ）
536,女主人公
537,燐
538,ホラー
539,魂魄妖夢（ロリ化）
540,神裂火織
541,2016年夏コミ(C90)
542,琴音
543,a2018年夏コミ(C94)
544,シオニー
545,ごっくん
546,華
547,えーき
548,2年後
549,妖夢
550,文
551,レティ
552,画集あり
553,リンディ
554,有里公子
555,チチ
556,エオロ顔
557,文多め
558,諏訪湖文
559,カオス
560,豊姫
561,パルスイ
562,タバサ
563,2017年夏コミ(C92)
564,青姦
565,ルイズ
566,魅杏
567,キス 中出し
568,キュアマリン
569,弁々
570,すまた口内射精
571,鼻フック
572,地味子
573,夜這い
574,聖
575,うさぎ
576,ロビン
577,美奈子
578,神楽麗
579,ガンダムビルド
580,なお
581,ロリ
582,男ウケ
583,レズ
584,あや
585,陵辱
586,（で）巨乳
587,フェイト・T・ハラオウン
588,キャロ
589,好みがわかれる
590,タイツ
591,非エロ 画集
592,五更瑠璃
593,天条院沙姫
594,C89  ロリ
595,ナディア
596,逢坂凛
597,トロ顔
598,マグロ
599,アヘ顔 パイズリ
600,ロリ 貧乳
601,音無
602,Ｙシャツ（中盤）ロリ
603,ほむほむ
604,斧乃木余接
605,麦野
606,朱鷺子
607,カヲル×アスカ
608,狐耳
609,虫姦
610,エロ多
611,ミレイ・アッシュフォード
612,春日エリ
613,みちる
614,エレナ
615,桜
616,ドラクエ４
617,赤木リツコ
618,猫耳
619,美雪
620,キャス狐
621,キス
622,tロオ顔
623,アルバトロス
624,鬼畜
625,路空
626,ヴィータ
627,李衣菜
628,純
629,ミレイ
630,ルナ
631,秋津州
632,田村麻奈実
633,大集合
634,神原×阿良々木
635,Nan
636,サーシャ
637,ラブラ
638,風香
639,ゆかた
640,ロリ巨乳
641,男の娘（？）
642,雲雀
643,優花里
644,中多紗江キス
645,美奈子（ヴィーナス）
646,アイリ
647,絵が上手いエロい
648,こうそく
649,サンタ
650,汗だく
651,マエリベリー
652,リグル
653,美希
654,にとり
655,アリーナ姫
656,真耶
657,天使
658,邪仙
659,ワカメ酒
660,堕落
661,アナル
662,タグ：真枝絵馬
663,御坂美琴
664,ベル
665,水野あみ
666,ありす
667,厄神
668,むちむち ロリ
669,メア
670,CC 紅月カレン
671,ムギ
672,リンディ×クロノ
673,水蜜
674,水島咲
675,八九寺
676,魔理沙×霊夢
677,亜麻音
678,ぽっちゃり
679,フルカラー レイ
680,ウェディングドレス シスター 巨乳 むちむち 処女 トロ顔 輪姦 バック 羞恥 尻穴 キス 堕落 拘束 中出し フェラ 二穴 凌辱 ぬるぬる 口内射精 連続 エロい エロ多
681,リリサ
682,みおん
683,雫
684,フルフル
685,連続
686,パンスト
687,エイラ
688,ラブタブ
689,文字少ない
690,エリナ
691,制服
692,トレーナー
693,神子
694,聖白
695,絆創膏
696,ミドリ
697,神尾観鈴
698,桜庭葵
699,赤城瀬菜
700,アルフ巨乳
701,里中千枝
702,愛花
703,ダブルピース顔射
704,なのは（フェイト）
705,オナニー（後半）パイズリ
706,ガネ
707,凌辱
708,ナミ 巨乳
709,ゆかりん
710,文字多い
711,巡音ルカ
712,パイズリイラマチオ
713,姉妹
714,呂511
715,ギンガ
716,光津真澄
717,イムヤ ロリ 島風 幼女 瑞鳳 赤城
718,おまけ付き
719,ガンス娘
720,小春
721,ディジィ
722,アカネ
723,微エロ
724,スズナ
725,シャロン
726,戦士
727,メイド服
728,2年後ワンピ
729,シュテル・スタークス
730,近親相姦（中盤）桐乃
731,ドラクエ３
732,士郎
733,後輩
734,リナリー
735,ユベル
736,ラブラブ（後半）高坂母
737,レミリア
738,青娥
739,松本里子
740,川崎沙希
741,2016年冬コミ(C91)
742,口内射精絵が上手い
743,サキ
744,涼
745,高槻かすみ
746,脇コキ
747,(後編)
748,鴇羽舞衣
749,水着い
750,女ハンター（ナルガ装備）
751,小石
752,レイラ
753,キャラ名不明
754,ルーアン
755,関西弁
756,ぶっかけ（後半）あやせ
757,ラミアス
758,リイン
759,えーりん
760,育
761,離島棲姫
762,イ・ケ・ナ・イつまみぐい
763,むちむち 凌辱
764,月日
765,天山はるか
766,星
767,輝子
768,制服 巨乳 むちむち 淫乱 処女 トロ顔 アヘ顔 汗だく 調教 輪姦 おしっこ ぶっかけ 尻穴 おもちゃ 堕落 拘束 中出し フェラ 二穴 凌辱 顔射 騎乗位 口内射精 かわいい 連続 イキまくり エロい エロ多
769,小原鞠莉
770,ネズミ耳
771,ヤンデレ
772,翠香
773,柑菜
774,華仙
775,ジャンヌ
776,巨乳う
777,メティナ
778,セーラームーン
779,みゆき
780,神綺
781,蛙せだく
782,うさだ
783,智絵里
784,諏訪子
785,咲夜×レミリア
786,SM
787,ぷに
788,レベッカ
789,祐巳
790,メローナ
791,制服 巨乳 むちむち 淫乱 トロ顔 調教 バック オナニー 拘束 中出し フェラ 騎乗位 ぬるぬる かわいい イキまくり エロい エロ多
792,リセット
793,フェラ絵が上手い
794,ちい
795,キャスカ
796,エリーン
797,巨根
798,セラ
799,風守
800,ギャグ
801,ぶっかけ
802,沈利
803,由比ヶ浜由比
804,佐天さん
805,リンディ・ハラオウン
806,マイクロ水着
807,フラウ
808,杏
809,はたて
810,ミレーユ
811,ワ級
812,401 貧乳
813,こころ
814,ギンガ・ナカジマ
815,莉子
816,河城にとりパチュリー
817,みほ
818,ジュピター
819,平沢憂巨乳
820,中出し エロい
821,援交
822,高海千歌
823,夕崎梨子
824,獣耳
825,碇ユイ
826,久美
827,エロいエロい
828,アステア
829,ターリア
830,紫紀
831,日焼け
832,ラブrバウ
833,（後半）金剛
834,ハンタ娘
835,白野
836,知世
837,４Ｐ
838,目隠し
839,絹旗最愛
840,魔法少女リリカルなのは
841,ざんげ
842,サンクリ2019 Spring
843,ユフィ
844,アリス×レミリア
845,いの
846,m鹿目まどか
847,フェイフェイ
848,うみみ先生
849,桃花
850,ドワーフ
851,若王子いちご
852,アイミ
853,東方Project
854,夜空
855,絵が上手い
856,ゆきかぜ
857,パイズリ
858,九兵衛
859,神奈子
860,開発
861,キス 大集合
862,サファイア（ヒロイン）
863,玲香
864,シスター
865,エイナス
866,千百合
867,ターニア
868,ミネア
869,ナナリー
870,ネメシス
871,アヘ顔
872,なじみ
873,近親相姦
874,ジンオウ装備
875,穣子
876,小鳥
877,さくら（少女）
878,矢吹加奈
879,顔面騎乗
880,真奈美
881,松浦果南
882,キュゥべえ
883,口内射精尻穴
884,永琳
885,ユイ
886,方中ミエル
887,綱手
888,黒ツチ
889,ランチ
890,フェイト
891,悟り
892,菁莪
893,巨乳
894,吸血鬼
895,尻穴 エロい
896,おねショタ
897,白峰
898,カガリ
899,アへ顔
900,戦艦水鬼
901,結城リト（女性化）
902,神楽
903,リニス
904,魔理沙
905,木野まこと（セーラージュピター）
906,小説
907,ごっくんん
908,キョーコ
909,ルスワール
910,クリスタル（ヒロイン）
911,平沢憂さわ子
912,睡眠姦
913,裸エプロン
914,コロナ・ティミル
915,トロ顔汗だく
916,カトレア
917,寝取られ
918,水着
919,ランドセル
920,神尾晴子
921,いきま
922,島風（コスプレ）
923,寝顔
924,Kei
925,輝夜
926,ジンオウガ
927,素ハンター
928,CG集
929,ブナハ
930,北上ミドリ
931,シャーリー・フェネット
932,１８号
933,ローラ
934,フルカラー大集合
935,こいし 貧乳
936,レレア
937,不二子
938,シュガー
939,タグ：ロリブルマ
940,C.C
941,尻尾
942,C88
943,宮永照
944,（後半）美柑
945,由乃
946,ふたなり
947,イクスヴェリア
948,雛
949,レイナ
950,ハヤテのごとく!
951,ひな
952,サクラ
953,入須
954,ヤマメ
955,小萌先生
956,マルチ
957,和
958,先生
959,ディアーチェ
960,総集編
961,輿水
962,ミスティア
963,アスール（装備）
964,2016年夏コミ(C90) 巨乳 むちむち 処女 トロ顔 汗だく 援交 おもちゃ キス 中出し かわいい 連続 イキまくり 絵が上手い エロい エロ多
965,アンルシア
966,フローラ
967,夏樹
968,夢子
969,志筑仁美
970,尻穴おしっこ
971,大
972,むちむち イキまくり
973,アララギ博士
974,まゆ
975,小鞠
976,ぶっかけ（後半）早苗
977,リリカ
978,息まくり
979,たしぎ
980,2015年夏コミ(C882015年夏コミ(C88)
981,イクス
982,チアガール
983,トロ顔絵が上手い
984,久慈川リセ
985,COMIC1☆11
986,ミオ
987,かがみ
988,マーズ
989,東城
990,カグヤ
991,アヘ顔汗だく
992,美保
993,C87
994,萩原雪歩 ロリ
995,絵が上手い エロい
996,アスタロッテ
997,ゆうかりん
998,水嶋咲
999,可愛い
1000,ＢＬ
1001,福岡城
1002,一輪
1003,空
1004,霊夢×魔理沙
1005,サンクリ2018 Summer
1006,ヒナタ
1007,虎丸星
1008,みなみけ
1009,ナルガ装備
1010,ヴィレッタ
1011,ガルパンキャラが大集合でレズや乱交しているところが隠し撮りされていた…!!
1012,マチエール
1013,飛鳥
1014,マーガレット
1015,COMIC1☆14
1016,中出し（後半）うどんげ
1017,アフィリア
1018,理沙
1019,バゼット
1020,連続スク水
1021,戦慄のタツマキ マイクロ水着
1022,御坂妹
1023,シキミ
1024,パイズリ口内射精
1025,青莪
1026,呂500 ロリ
1027,メイ
1028,みぽりん
1029,鵺
1030,ブラック★ロックシューター
1031,マコモ
1032,カオスｗ
1033,マルグリット
1034,エロイ
1035,アイリスフィール
1036,来栖加奈子
1037,NTR寝取られ
1038,桐乃
1039,咲
1040,官能小説
1041,ぴおん
1042,連子
1043,ポニーテール
1044,リクエスト
1045,天子
1046,インアン
1047,操祈
1048,結城美柑
1049,イブキ
1050,惣流・アスカ・ラングレー綾波レイ
1051,噴乳
1052,ペプシネックス（擬人化）
1053,ダブルピース
1054,汗だく ラブラブ
1055,-
1056,ティファ
1057,ふたなり妊娠
1058,白星姫
1059,河童
1060,口内射精
1061,二穴
1062,任務娘
1063,メガネ
1064,寸止め（後半）忍（大きい）
1065,断面図
1066,二穴ん
1067,スカトロ
1068,多数
1069,ウェイバー
1070,ゆかり
1071,３Ｐ
1072,あずにゃん
1073,アスカ
1074,淫魔
1075,青山
1076,すわ子
1077,亀甲縛り
1078,大野加奈子
1079,日菜子
1080,のあ
1081,シャルロッテちゃん
1082,飛行場姫
1083,４P
1084,珠
1085,僧侶
1086,尻コキ
1087,すずか
1088,荻原雪歩
1089,伊１９
1090,ミッドナイト
1091,合同作
1092,U511 貧乳
1093,2年後ナミ
1094,勇儀
1095,淫語
1096,リセ
1097,サンクリ2018 Spring
1098,リリーホワイト
1099,柊かがみ
1100,アルフ
1101,深海棲艦
1102,吹寄
1103,ツナデ
1104,パチェリー
1105,１８号×クリリン
1106,ラストオーダー
1107,武闘家
1108,絵理
1109,こいし
1110,キュアサンシャイン
1111,ゼロの使い魔
1112,メディスン
1113,キあス
1114,まゆり
1115,イチコ
1116,しらほし姫
1117,イキマクリ
1118,婚后光子
1119,綾波×シンジ
1120,リオ・ウェズリー
1121,アヘ顔（後半）ラブラブ
1122,絵がうまい
1123,ドラクエ５
1124,ミスティー
1125,産卵
1126,xロリ
1127,サニー
1128,比企谷八幡(女)
1129,モンスター強
1130,賢者
1131,ハンコック
1132,さとり
1133,戦艦棲姫
1134,シラヌイ
1135,上原
1136,モリガン
1137,ビューティ
1138,るい
1139,沙斗理
1140,ミカド
1141,３P
1142,仁奈
1143,シャーリー
1144,サディ
1145,コーネリア
1146,ストッキング
1147,梅雨
1148,駆逐棲姫
1149,騎乗位
1150,リリー
1151,頼子
1152,愛
1153,フリーザ
1154,キュアリズム
1155,Yシャツ
1156,後半
1157,シャマル
1158,夢オチ
1159,ルヴィア
1160,三浦優美子
1161,ネル
1162,ニプルファック
1163,大集
1164,ラジュルネ
1165,平塚静
1166,エロ画像集
1167,湾内絹保
1168,親子丼
1169,リツコ
1170,エール
1171,律子
1172,河城にとり
1173,百合
1174,メイコ
1175,文多い
1176,フェイト・テスタロッサ（大人）
1177,巨乳 むちむち トロ顔 アヘ顔 輪姦 イラマチオ バック おしっこ 媚薬・催眠 拘束 中出し フェラ ぬるぬる 口内射精 イキまくり エロい
1178,平沢憂パチュリー
1179,イマラチオ
1180,忍×アララギ
1181,イカ娘
1182,ニーソ
1183,美羽
1184,アトミラール
1185,依姫
1186,デスガイド
1187,蓮子
1188,シグナムはやて
1189,直葉
1190,映姫
1191,ツクモ
1192,前立腺攻め
1193,酒
1194,コードギアス
1195,COMIC1☆12
1196,ミリル
1197,四コマ
1198,いきまくり
1199,座薬
1200,神月アンナ
1201,風谷
1202,四季
1203,あやね
1204,フェイリス
1205,魔理沙×パチュリー
1206,優曇華院
1207,夏奈
1208,裸パーカー
1209,スバル
1210,覚醒美希
1211,尻穴
1212,華扇
1213,清良
1214,かわいい
1215,不都
1216,打ち止め
1217,久慈川りせ
1218,遊び人
1219,ハーレム
1220,顔
1221,オーガ娘
1222,首輪
1223,輪姦
1224,短篇集
1225,六花
1226,西蓮寺春菜
1227,カミツレ
1228,男の娘（男体化）
1229,春野サクラ
1230,盛岡城
1231,木野まこと
1232,スパッツ
1233,黒猫×京介
1234,らぶらぶ
1235,深海凄艦
1236,新作フェア
1237,つかさ
1238,なでこ
1239,むちむち ラブラブ
1240,美鈴
1241,貧乳
1242,ナーズリン
1243,亜美
1244,いなば
1245,U511
1246,キリン
1247,愛梨
1248,華院
1249,白衣
1250,島海
1251,アヘ顔/a>
1252,バッドエンド
1253,ぽっぷ
1254,おまけ本
1255,ロリ貧乳
1256,布都
1257,エリー
1258,擬人化
1259,美琴
1260,藍
1261,心霊
1262,御金せびり
1263,放棄
1264,鉄子
1265,めーりん
1266,モンスター姦（ギギネブラ）
1267,ねねこ
1268,牛娘
1269,犬走椛（男化）
1270,芳香
1271,妹紅
1272,ベジータ
1273,あかね
1274,オルソラ
1275,妹
1276,むちむち
1277,鈴
1278,ルイーダ
1279,鈴木純
1280,メンヘラ怖い
1281,非エロ
1282,蟲姦
1283,まとめ本
1284,オナニー
1285,C86
1286,アンナ
1287,ランカ
1288,風俗
1289,ひじりん
1290,これはカオス
1291,もはや夜戦ではないよねｗ
1292,はづき
1293,入れ替わり
1294,伊織
1295,ワトラ
1296,フルカラーロリ
1297,レイセン
1298,ロイ
1299,院r何
1300,(前編)
1301,ナース
1302,エロ画像集 フルカラー スク水 ブルマ 巨乳 むちむち トロ顔 汗だく 撮影 パイズリ お風呂 おもちゃ かわいい イキまくり 絵が上手い エロい エロ多
1303,顔射 ぶっかけ
1304,ＳＭ
1305,これはエロい
1306,汗d買う
1307,ダブル
1308,2014年夏コミ(C86)
1309,莉嘉
1310,蓮
1311,ムーン
1312,絶倫
1313,浣腸
1314,メリー
1315,シンイチ
1316,やよい
1317,リーン
1318,フランドール
1319,奈津恵
1320,処女
1321,屠自古
1322,二穴顔射
1323,ティアナ
1324,白蓮
1325,ウルク装備
1326,漏斗
1327,UN-GO
1328,C89
1329,やまめ
1330,COMIC1☆13
1331,モンスター姦（ギィギ）
1332,みすちー
1333,夕日紅
1334,親近相姦
1335,シリアス
1336,ショタ
1337,ルナサ
1338,バニー
1339,リンスレット
1340,千枝
1341,シロナ
1342,アンディ
1343,泥酔
1344,シンジ✕アスカ
1345,褐色肌
1346,人外娘
1347,関羽雲長
1348,中間棲姫
1349,菜々子
1350,卯月巻緒
1351,パチュリー
1352,男性化
1353,小傘
1354,着衣
1355,フラン
1356,慧音
1357,阿弥
1358,小町
1359,八神リインフォース・アインス
1360,百江なぎさ 巴マミ
1361,麻奈実
1362,中出し 口内射精
1363,ぬえ
1364,奈緒
1365,冬子
1366,エリオ・モンディアル
1367,古明地さとりん
1368,青山ブルーマウンテン
1369,フレンダ
1370,どれみ
1371,てゐ
1372,ニア
1373,イカちゃん
1374,タイツ モンスター強
1375,太子
1376,中出し口内射精
1377,メイド 巨乳 むちむち トロ顔 汗だく 風俗 キス 中出し エロい エロ多
1378,スク水
1379,貝合わせ
1380,ふくらみかけ
1381,まどか
1382,愛宕（コスプレ）
1383,うちはサラダ
1384,貧乳 かわいい
1385,イキまくり大集合
1386,そのめ
1387,姉妹丼
1388,ロリ化
1389,アルアジフ
1390,萃香
1391,フルカラー 呂500
1392,キャスター
1393,カリン
1394,あゆみ
1395,バック
1396,間宮
1397,泉こなた
1398,人妻・熟女
1399,腹パン
1400,サンクリ2018 Autumn
1401,久慈川
1402,好みが分かれる
1403,巨乳 むちむち 淫乱 トロ顔 ラブラブ 調教 撮影 バック 羞恥 キス 近親相姦 中出し かわいい 絵が上手い エロい エロ多
1404,カレン・オルテンシア
1405,ミサカ妹
1406,ヒカリ
1407,夏目
1408,ヒロ
1409,クロノ・ハラオウン
1410,ナヤミ
1411,カギュー
1412,ヲチ
1413,エーデルワイス
1414,戸塚彩加
1415,うずまきナルト(女体化)
1416,イナバ
1417,ルー
1418,テマリ
1419,ヨーコ
1420,お空
1421,ナミ（二年後）
1422,フウロ
1423,リョナ
1424,マックス
1425,メティス
1426,コスモス
1427,2017年冬コミ(C93)
1428,ネリネ
1429,岩櫃城
1430,堕落イキまくり
1431,レン
1432,ルーシェ
1433,木之本桜
1434,魔法使い
1435,東風谷早苗×霖之助
1436,メリル
1437,ネフェルタリ・ビビ
1438,売春
1439,割烹着
1440,なし
1441,猫耳ロリ
1442,黒咲瑠璃
1443,x巨乳
1444,孕ませ
1445,真美
1446,☆レア☆
1447,TAIL
1448,ウルク
1449,2015年冬コミ(C89)
1450,夢月
1451,典子
1452,ナルガ
1453,筋肉質
1454,ティアーユ・ルナティーク
1455,汗だくパイズリ
1456,(中編)
1457,(全体)
1458,合同誌
1459,巫女
1460,2015年夏コミ(C88)
1461,トロ顔大集合
1462,エロ少
1463,黒猫
1464,尻穴大集合
1465,亜沙
1466,霊夢
1467,MAYU
1468,法子
1469,プラグスーツ
1470,れいか
1471,ぷに絵
1472,かんなぎ
