,title,tags,circles,characters,org_anime,recommendation,URL,thumb_name
0,[ぐだ子×ロビン イチャラブ本]ルルハワ最終日にぐだ子とロビンがイチャラブえっちするFGO本!!,"巨乳,むちむち,トロ顔,汗だく,ラブラブ,バック,キス,中出し",もちもちみかん,ぐだ子,Fate/Grand Order,7,http://cdn.d-smart.jp/20190425/025/all.pdf,sf0zsEmHiUvVaCn4.jpeg
1,[源頼光 獣姦]ウェディングドレス姿の頼光さんはお馬さんの専用娼婦として巨根のお世話を…!!,"CG集,フルカラー,ウェディングドレス,巨乳,むちむち,トロ顔,アヘ顔,汗だく,バック,獣姦,中出し",ビッグシャイン,源頼光,Fate/Grand Order,8,http://cdn.d-smart.jp/20190425/009/all.pdf,5qom1rwhnLIoV6Bz.jpeg
2,[玉藻の前 エロ画像集]水着玉藻の綺麗な身体やトロ顔をフルカラーで描いたエロ画像集♡,"CG集,フルカラー,獣耳,マイクロ水着,巨乳,むちむち,トロ顔,汗だく",花田やのち,玉藻の前,Fate/Grand Order,7,http://cdn.d-smart.jp/20190424/019/all.pdf,nPd41Fj70RkkxNSp.jpeg
3,[荊軻 獣姦]荊軻は馬の巨根に奥まで挿入されるとアヘ顔を晒してイってしまう♡,"CG集,フルカラー,爆乳,むちむち,妊娠,トロ顔,アヘ顔,獣姦,ボテ腹,中出し",ビッグシャイン,荊軻,Fate/Grand Order,8,http://cdn.d-smart.jp/20190424/015/all.pdf,qcxe7nfpjyFLEl6v.jpeg
4,[酒呑童子 獣姦]催眠をかけられた酒呑は妊娠するまで馬のオナホとなってピストンされ続けてしまう!!,"CG集,フルカラー,巨乳,むちむち,妊娠,トロ顔,汗だく,バック,獣姦,媚薬・催眠,ボテ腹,中出し",ビッグシャイン,酒呑童子,Fate/Grand Order,8,http://cdn.d-smart.jp/20190424/008/all.pdf,jz94vBqjQXS6BcCr.jpeg
5,[アカペンギン C95おまけ本]ショタマスターと海に来たヒロインXXが意気込んでSEXしちゃうアカペンギンのC95おまけ本♡,"2018年冬コミ(C95),おまけ本,水着,巨乳,むちむち,トロ顔,パイズリ,バック,おねショタ,中出し,フェラ,口内射精",アカペンギン,謎のヒロインXX,Fate/Grand Order,8,http://cdn.d-smart.jp/20190424/005/all.pdf,fC1w2rDWGxcu74gO.jpeg
6,[キアラ&ジナコ おねショタ本]キアラとジナコはショタ化したシンジのおち◯ぽをあらゆる手段でシコシコしまくります♡,"メガネ,巨乳,むちむち,トロ顔,汗だく,パイズリ,バック,素股,おねショタ,授乳手コキ,中出し,騎乗位,口内射精,エロ多",鈍色ノスタルジア,"殺生院キアラ,ジナコ=カリギリ",Fate/Grand Order,8,http://cdn.d-smart.jp/20190423/008/all.pdf,yaG41LtDrNjzsBN7.jpeg
7,[ゆずや C95新刊]マシュ×マスターのイチャラブ本!!はじめてのラブホに緊張しながらも濃厚な絡みを見せる姿に興奮が止まらない♡,"2018年冬コミ(C95),タイツ,メガネ,巨乳,むちむち,トロ顔,汗だく,ラブラブ,バック,お風呂,素股,キス,中出し,連続,絵が上手い,これはエロい",ゆずや,マシュ・キリエライト,Fate/Grand Order,9,http://cdn.d-smart.jp/20190423/003/all.pdf,i6Nowru2daGalaXp.jpeg
8,[コヤンスカヤ C95エロ同人誌]淫乱なコヤンスカヤちゃんはマスターにエッチな拷問をして欲しくて…,"2018年冬コミ(C95),メガネ,淫乱,巨乳,むちむち,トロ顔,汗だく,キス,拘束,ごっくん,バック,中出し,フェラ,口内射精,かわいい",megalo丼,コヤンスカヤ,Fate/Grand Order,8,http://cdn.d-smart.jp/20190422/012/all.pdf,aEsEL5gMzlrbheQr.jpeg
9,[アリス(Fate) エロ同人誌]マスターに片想い中のナーサリー…子供じゃなくて立派なレディとして扱ってほしくてHに誘う♡,"ロリ,トロ顔,汗だく,ラブラブ,キス,中出し,かわいい",ぅさぎのぉゃっ,ナーサリー・ライム,Fate/Grand Order,8,http://cdn.d-smart.jp/20190421/009/all.pdf,C5gmOVIG1SLbyBXe.jpeg
10,[ジャンヌオルタ C95同人誌]サバフェス前の前日譚でありifの世界戦…欲求不満なジャンヌオルタがマスターを誘って…♡,"巨乳,むちむち,トロ顔,汗だく,バック,キス,中出し,フェラ,かわいい,絵が上手い",ワンタッチテント,ジャンヌ・ダルク(オルタ),Fate/Grand Order,9,http://cdn.d-smart.jp/20190421/008/all.pdf,4hzRoxNlaD3B0R3O.jpeg
11,[ぐだ子 拘束]両手を縛られたぐだ子は身動きが取れないままの4Pセックスで終始痴態を晒しちゃう♡,"2018年冬コミ(C95),巨乳,むちむち,トロ顔,汗だく,ラブラブ,バック,おしっこ,尻穴,キス,拘束,中出し,フェラ,二穴,騎乗位,口内射精",保科店舗,ぐだ子,Fate/Grand Order,7,http://cdn.d-smart.jp/20190420/023/all.pdf,JwsBHxHmcMHJWBAZ.jpeg
12,[W沖田 搾精本]沖田さんがフェラ抜きする姿を見ていた沖田オルタもすかさずパイズリフェラでマスターを気持ち良くしちゃいます♡,"巨乳,むちむち,褐色肌,トロ顔,汗だく,ラブラブ,パイズリ,キス,フェラ",八代涼,"沖田総司,沖田総司(オルタ)",Fate/Grand Order,7,http://cdn.d-smart.jp/20190420/022/all.pdf,0getnllWAn5kMu2e.jpeg
13,[カーマ 騎乗位]カーマが騎乗位でイカされる姿が繊細なタッチで描かれたフルカラーエロCG集!!,"エロ画像集,CG集,フルカラー,巨乳,むちむち,トロ顔,中出し,騎乗位",花田やのち,カーマ,Fate/Grand Order,7,http://cdn.d-smart.jp/20190420/021/all.pdf,XmtRdtbrApexpLdd.jpeg
14,[ネロ 発情]発情したネロは突然マスターにキスやフェラを!!エロスイッチが入った彼に絶倫ち◯ぽで責められまくってヨガっちゃう♡,"2018年冬コミ(C95),巨乳,むちむち,トロ顔,汗だく,パイズリ,バック,キス,中出し,フェラ,騎乗位,連続,絵が上手い,エロ多",冷凍カフェテラス,ネロ・クラウディウス,Fate/Grand Order,9,http://cdn.d-smart.jp/20190420/007/all.pdf,buWHF8Ekd8qaxTef.jpeg
15,[熊掌社 Wジャンヌ本]邪ンヌはジャンヌにパイズリや玩具責めでイカされた上にふたなりち◯ぽでも犯されて…途中でメイドオルタも加わったりと大興奮シチュが盛り沢山♡,"ニーソ,水着,メイド,メガネ,巨乳,むちむち,ふたなり,トロ顔,汗だく,レズ,パイズリ,バック,おしっこ,尻穴,おもちゃ,中出し,二穴,顔射,騎乗位,連続,イキまくり,絵が上手い,これはエロい,エロ多",熊掌社,"ジャンヌ・ダルク(オルタ),ジャンヌ・ダルク,アルトリア・ペンドラゴン(オルタ)",Fate/Grand Order,9,http://cdn.d-smart.jp/20190420/002/all.pdf,nHfg7PDgof6PIx0A.jpeg
16,[熊掌社 FGO本]淫乱酒呑×ふたなり茨木のレズプレイや水着BBちゃんを交えたド派手3Pなど見所満載のFGO本!!,"ニーソ,水着,巨乳,むちむち,ふたなり,トロ顔,汗だく,レズ,触手,パイズリ,バック,尻穴,ダブルピース,妄想,拘束,中出し,フェラ,二穴,絵が上手い,これはエロい,エロ多",熊掌社,"酒呑童子,茨木童子,BB",Fate/Grand Order,9,http://cdn.d-smart.jp/20190420/001/all.pdf,GQw4ddo8f7u9sPkh.jpeg
17,[FGO 信勝本]信勝はアストルフォとアレキサンダーにマスターのシモのお世話の仕方を実践付きで教えてもらっちゃう!!,"サンクリ2019 Spring,男の娘,トロ顔,尻穴,キス,フェラ,騎乗位,ぬるぬる",hanibi land,"織田信勝,アストルフォ,アレキサンダー",Fate/Grand Order,8,http://cdn.d-smart.jp/20190419/008/all.pdf,CICl2EK7PLunyDxA.jpeg
18,[婦長 筆下ろし]婦長が童貞マスターに筆下ろし!!パイズリやフェラ、膣内全てが極上で射精が止まらない♡,"爆乳,むちむち,トロ顔,汗だく,パイズリ,バック,尻穴,授乳手コキ,キス,中出し,フェラ,騎乗位,口内射精,連続,絵が上手い,これはエロい,エロ多",自己満喫。,ナイチンゲール,Fate/Grand Order,9,http://cdn.d-smart.jp/20190419/002/all.pdf,x22GqzKwIZNz4awf.jpeg
19,[槍トリア ふたなり]ふたなり槍トリアがマーリンにフェラでイカされたりアナルに挿入したりするFGO本!!,"巨乳,むちむち,ふたなり,トロ顔,汗だく",のっぴきならない,アルトリア・ペンドラゴン(ランサー),Fate/Grand Order,7,http://cdn.d-smart.jp/20190418/025/all.pdf,fbTF1uwobSZcHSWW.jpeg
20,[清姫 性処理本]ますたぁのオナニーを目撃した清姫は自らすすんで性処理を買って出てたっぷり搾精しちゃう♡,"2018年冬コミ(C95),巨乳,むちむち,トロ顔,汗だく,ラブラブ,パイズリ,バック,キス,中出し,フェラ,顔射,騎乗位",とろゆず,清姫,Fate/Grand Order,8,http://cdn.d-smart.jp/20190418/011/all.pdf,DjNOrvLVnGchUrVR.jpeg
21,[FGO Wジャンヌ本]Wジャンヌが朝からマスターにパイズリ搾精!!その後もお風呂や部屋でヤリまくって…♡,"2018年冬コミ(C95),水着,メガネ,巨乳,むちむち,トロ顔,汗だく,パイズリ,お風呂,授乳手コキ,キス,中出し,フェラ,騎乗位,絵が上手い,エロ多",石ケンピ,"ジャンヌ・ダルク(オルタ),ジャンヌ・ダルク,謎のヒロインXX",Fate/Grand Order,9,http://cdn.d-smart.jp/20190418/002/all.pdf,DYdLkazDuaNH4JyM.jpeg
22,[カーマ エロ画像集]FGOのカーマのエロい身体がフルカラーで描かれたぎんハハのエロCG集!!,"エロ画像集,CG集,フルカラー,巨乳,むちむち,トロ顔,エロ少",ぎんハハ,カーマ,Fate/Grand Order,5,http://cdn.d-smart.jp/20190417/018/all.pdf,Dt3lTLRILQhV8Ye6.jpeg
23,[にくにくイタリアン C95新刊]頼光ママはショタマスターのおち◯ちんを爆乳おっぱいやおま◯こで刺激しまくる!!,"2018年冬コミ(C95),マイクロ水着,爆乳,むちむち,トロ顔,汗だく,パイズリ,バック,おしっこ,おねショタ,中出し,フェラ,騎乗位,連続,絵が上手い,これはエロい,エロ多",にくにくイタリアン,"源頼光,アルトリア・ペンドラゴン(ランサー)",Fate/Grand Order,9,http://cdn.d-smart.jp/20190417/002/all.pdf,RYKUXWU6FMoLxYBh.jpeg
24,[邪ンヌ&セイバーオルタ タイツ]ふたなりぐだ子が邪ンヌやセイバーオルタのムレムレ黒タイツのニオイを堪能したり足コキで気持ちよくしてもらっちゃう本♡,"2018年冬コミ(C95),タイツ,巨乳,むちむち,ふたなり,トロ顔,汗だく,足コキ,レズ,バック,中出し",Mebiusの環,"ジャンヌ・ダルク(オルタ),アルトリア・ペンドラゴン(オルタ),ぐだ子",Fate/Grand Order,8,http://cdn.d-smart.jp/20190416/010/all.pdf,2N6y63X2FqJB2sYp.jpeg
25,[ブラダマンテ 催眠]ブラダマンテは催眠をかけられるとマスターがロジェロに見えてきて…溜め込んでいたものを爆発させて自ら求めまくっちゃう♡,"2018年冬コミ(C95),おまけ本,巨乳,むちむち,トロ顔,汗だく,ラブラブ,パイズリ,バック,媚薬・催眠,キス,中出し,かわいい,絵が上手い",Twilight Road,ブラダマンテ,Fate/Grand Order,9,http://cdn.d-smart.jp/20190416/003/all.pdf,7hU8Urmrxj5E7udp.jpeg
26,[絶対領域 FGO合同誌]メルトリリス×マスターの濃厚生ハメやサンタリリィちゃんの凌辱シーンなどが盛り込まれた絶対領域のFGO合同誌!!,"合同作,2017年夏コミ(C92),水着,ロリ,トロ顔,汗だく,ラブラブ,ごっくん,バック,媚薬・催眠,キス,堕落,妄想,中出し,フェラ,凌辱,騎乗位,口内射精,絵が上手い,これはエロい,エロ多",絶対領域,"メルトリリス,ジャンヌ・ダルク・オルタ・サンタ・リリィ,ナーサリー・ライム,ジャック・ザ・リッパー",Fate/Grand Order,9,http://cdn.d-smart.jp/20190416/002/all.pdf,PhFPMeTPOtz7VWRF.jpeg
27,[ぷりたにあ COMIC1☆15新刊]性の事をまったく知らないジャックちゃんにセックスのお願いをしてみるとすんなりOKしてくれて…,"COMIC1☆15,貧乳,ロリ,トロ顔,汗だく,足コキ,キス,中出し,かわいい,絵が上手い,エロ多",ぷりたにあ,ジャック・ザ・リッパー,Fate/Grand Order,9,http://cdn.d-smart.jp/20190415/006/all.pdf,EtxrG8paLUXJIBKf.jpeg
28,[マシュ 淫乱]マシュは先輩の寝ている隙に勝手にち◯ぽを弄っちゃう淫乱娘!!この快楽、感触を知ってしまったら一線を越えずにはいられない…,"2018年冬コミ(C95),巨乳,むちむち,淫乱,トロ顔,汗だく,ごっくん,おしっこ,キス,中出し,フェラ,騎乗位,口内射精,連続,イキまくり,エロ多",ふあん亭,マシュ・キリエライト,Fate/Grand Order,9,http://cdn.d-smart.jp/20190415/005/all.pdf,bs4R9oMBHvCqKnyk.jpeg
29,[イシュタル エロ画像集]イシュタルが二穴に指を突っ込まれながらフェラさせられる様子がフルカラーで描かれたエロCG集。,"エロ画像集,CG集,フルカラー,トロ顔,輪姦,フェラ,凌辱,口内射精",ぎんハハ,イシュタル,Fate/Grand Order,7,http://cdn.d-smart.jp/20190414/018/all.pdf,IcCgCm62Qx7veAfB.jpeg
30,[魔空軍団 C95新刊]疲れた宇宙OLはマスターにマッサージをしてもらおうと部屋に行くと、えっちな気分になってきてアソコに手が伸びる…,"2018年冬コミ(C95),巨乳,むちむち,トロ顔,汗だく,バック,オナニー,中出し,かわいい,イキまくり,絵が上手い,これはエロい,エロ多",魔空軍団,謎のヒロインXX,Fate/Grand Order,10,http://cdn.d-smart.jp/20190414/002/all.pdf,HAhyQ4u4nsbmnM90.jpeg
31,[Twilight Road BB本]BBちゃんが寝ているマスターに騎乗位で挿入してオシオキ逆レイプしちゃう♡,"巨乳,むちむち,トロ顔,汗だく,中出し,フェラ,騎乗位,かわいい,絵が上手い,これはエロい",Twilight Road,BB,Fate/Grand Order,9,http://cdn.d-smart.jp/20190414/001/all.pdf,I0wpyz1KNLK67Avt.jpeg
32,[ぐだ子×レオニダス イチャラブ本]ぐだ子とレオニダスのイチャラブ本!!ワインで酔った2人が汗だくになりながら激しく身体を重ねて行為に励んじゃう♡,"タイツ,巨乳,むちむち,トロ顔,汗だく,ラブラブ,キス,フェラ",PHOTONIX,ぐだ子,Fate/Grand Order,7,http://cdn.d-smart.jp/20190413/023/all.pdf,cfHJCM8GTD8rLmuY.jpeg
33,[アレマテオレマ C95邪ンヌ本]正月太りした邪ンヌに「ダイエットにいいらしい」と嘘をついてえっちなことをしまくるFGO本♡,"2018年冬コミ(C95),ニーソ,巨乳,むちむち,トロ顔,汗だく,調教,おしっこ,オナニー,尻穴,中出し,フェラ,二穴,絵が上手い,これはエロい",アレマテオレマ,ジャンヌ・ダルク(オルタ),Fate/Grand Order,9,http://cdn.d-smart.jp/20190413/002/all.pdf,lMJFCczXP2VEjii0.jpeg
34,[邪ンヌ 中出し]邪ンヌはマスターにセックスしようと迫られて…令呪を使われて無防備になったおま◯こに精液を注ぎ込まれてしまう♡,"巨乳,むちむち,トロ顔,汗だく,中出し,フェラ",kzおじ,ジャンヌ・ダルク(オルタ),Fate/Grand Order,7,http://cdn.d-smart.jp/20190412/020/all.pdf,nEjryTzVJmDrnQSF.jpeg
35,[FGO エロCG集]サーヴァントたちとヤリまくれるエロSLGが登場!!高クオリティフルカラーで描かれた彼女たちのHな姿を190P以上にわたって収録♡,"CG集,フルカラー,獣耳,タイツ,ニーソ,ブルマ,水着,メイド,メガネ,巨乳,ロリ,むちむち,男の娘,褐色肌,処女,トロ顔,汗だく,触手,バック,おしっこ,尻穴,おもちゃ,素股,拘束,中出し,フェラ,騎乗位,口内射精,絵が上手い,これはエロい,エロ多",SPLUSH WAVE,"アビゲイル・ウィリアムズ,BB,アストルフォ,アルテラ,イシュタル,エウリュアレ,スカサハ,ニトクリス,モードレッド,刑部姫,宮本武蔵,沖田総司,清姫,源頼光,牛若丸,玉藻の前,織田信長,茨木童子,酒呑童子,葛飾北斎,ブラダマンテ,マリー・アントワネット,アルトリア・ペンドラゴン(オルタ),アルトリア・ペンドラゴン(ランサー),謎のヒロインX,ジャック・ザ・リッパー,ネロ・クラウディウス,フランシス・ドレイク,ステンノ,レオナルド・ダ・ヴィンチ,マシュ・キリエライト,ジャンヌ・ダルク(オルタ),ジャンヌ・ダルク,イリヤスフィール・フォン・アインツベルン,フランケンシュタイン,エレナ・ブラヴァツキー",Fate/Grand Order,9,http://cdn.d-smart.jp/20190412/008/all.pdf,RB0H9d0OdKDaHbUA.jpeg
36,[アビーちゃん 4P]アビーちゃん×男3人で濃厚4P!!使える穴を余すことなくハメて好き放題射精しちゃう♡,"2018年冬コミ(C95),おまけ付き,貧乳,ロリ,処女,トロ顔,汗だく,イラマチオ,バック,媚薬・催眠,尻穴,中出し,フェラ,二穴,騎乗位,口内射精,かわいい,絵が上手い,これはエロい,エロ多",スタジオらっきょう,アビゲイル・ウィリアムズ,Fate/Grand Order,9,http://cdn.d-smart.jp/20190412/003/all.pdf,c0dRGNx0WMyxRFUs.jpeg
37,[ぐだ子 水着]水着姿のぐだ子が野外でアーチャーと汗だくイチャラブックス♡,"水着,巨乳,むちむち,トロ顔,汗だく,ラブラブ,バック,中出し",D企画,ぐだ子,Fate/Grand Order,7,http://cdn.d-smart.jp/20190411/025/all.pdf,DKcDVntmk5yfl6s9.jpeg
38,[ブラダマンテ デリヘル]新人デリヘル嬢のブラダマンテちゃんを指名してヤリまくり!!彼女の極上テクニックに射精が止まらない♡,"CG集,フルカラー,巨乳,むちむち,トロ顔,ごっくん,パイズリ,バック,おしっこ,風俗,オナニー,授乳手コキ,中出し,フェラ,騎乗位,口内射精,連続,エロ多",アキレルショウジョ,ブラダマンテ,Fate/Grand Order,8,http://cdn.d-smart.jp/20190411/017/all.pdf,GxEyetfKBpyddRJP.jpeg
39,[アストルフォ&邪ンヌ エロ同人誌]邪ンヌは不思議な薬の力で2人になったアストルフォにおち◯ぽ責めされて悶えちゃう♡,"サンクリ2019 Spring,巨乳,むちむち,男の娘,トロ顔,汗だく,ラブラブ,バック,尻穴,キス,中出し,フェラ,顔射,絵が上手い,エロ多",ぬいごはん,"アストルフォ,ジャンヌ・ダルク(オルタ)",Fate/Grand Order,9,http://cdn.d-smart.jp/20190411/006/all.pdf,Wlpe8U1KUWs2T9Ly.jpeg
40,[ぐだ子×ジークフリート イチャラブ本]ぐだ子とジークフリートの濃厚ないちゃらぶえっちが描かれたFGO本。,"巨乳,むちむち,トロ顔,汗だく,ラブラブ,キス,中出し",カーテンの向こう側。,ぐだ子,Fate/Grand Order,7,http://cdn.d-smart.jp/20190410/025/all.pdf,zgkPyei0XLwV9MCX.jpeg
41,[沖田オルタ 獣姦]沖田オルタは元マスターの目の前で獣姦セックスを始めて淫らな姿を見せつけちゃう♡,"エロ画像集,フルカラー,巨乳,むちむち,褐色肌,トロ顔,寝取られ,バック,獣姦,噴乳,ボテ腹",ビッグシャイン,沖田総司(オルタ),Fate/Grand Order,7,http://cdn.d-smart.jp/20190410/024/all.pdf,y3wxTlAUUqPRpcZT.jpeg
42,[酒呑童子 コスプレ]酒呑のコスプレをした男の娘が撮影会場のトイレでド派手なSEXをしちゃいます!!,"ロリ,男の娘,トロ顔,アヘ顔,汗だく,バック,おしっこ,尻穴,キス,フェラ,顔射,絵が上手い",交援蛋白Q,酒呑童子,Fate/Grand Order,9,http://cdn.d-smart.jp/20190410/006/all.pdf,kshMkdkdKwxOl7bJ.jpeg
0,[FGO 虞美人本]虞美人が赤兎馬の腫れた巨根を騎乗位で受け止めたり項羽に大量中出しされてボテ腹になったりとエロシチュ満載のFGO本♡,"巨乳,むちむち,トロ顔,汗だく,おしっこ,獣姦,尻穴,ボテ腹,中出し,二穴,騎乗位,連続,絵が上手い",Nakuru Box,虞美人,Fate/Grand Order,9,http://cdn.d-smart.jp/20190410/005/all.pdf,9KVUGxetrc82sQBj.jpeg
